Product_ID,Product_Name,Product_Description,Unit_Price
dd957757-3098-45ae-b001-26dd8c55ef5b,Product_0,Description_0,37.35
c500cba4-1ac9-4eaf-a7a9-68ef4e109c2a,Product_1,Description_1,84.43
3ca39b39-5daf-4983-87ec-02a4cefbf11e,Product_2,Description_2,56.08
0960cead-4792-49df-bee4-12703c8b0fe2,Product_3,Description_3,23.53
1a3e1b6b-09e3-47ed-a07b-1ab9b8720630,Product_4,Description_4,95.6
f4b5b437-cd35-4116-8ade-e0e3fde47f74,Product_5,Description_5,17.69
aba7120a-5ca7-4ea8-a5d8-12d6fcda68a4,Product_6,Description_6,26.65
f6139307-4a62-4954-94b1-6200a08a6927,Product_7,Description_7,17.8
efaa0708-4892-4b8f-a0ec-a4acf0d642ed,Product_8,Description_8,38.88
8e27a802-69cc-4d9a-ac48-f7d682fa3ba3,Product_9,Description_9,59.2
d363b305-ae64-4377-8263-9516198de64e,Product_10,Description_10,28.28
1d360252-6f51-4af2-97a3-dbe335e5bdae,Product_11,Description_11,65.27
ed469f3d-d399-46a2-8df2-b1300e1efe96,Product_12,Description_12,26.77
a55ac0af-f623-4362-9507-ca44800a0966,Product_13,Description_13,73.15
a1f235c3-837b-4614-b68a-e8ee98d1cb4d,Product_14,Description_14,57.76
3ef6740e-d040-4a43-858e-89f003ce7a89,Product_15,Description_15,42.5
553b9fe4-567e-4ee0-b8f0-5f33c8d4b0b0,Product_16,Description_16,85.85
097c7a4d-f6a8-48f8-9e1c-ef307f33b406,Product_17,Description_17,23.8
ac763be4-98e3-4b66-bffd-5938f5b84666,Product_18,Description_18,74.52
fbd6ba84-c2bd-470c-8736-34e48d28323c,Product_19,Description_19,30.82
0ba398b8-96fd-4d63-bd3a-5f4051b96752,Product_20,Description_20,94.19
9a0d3ee3-4fce-4850-9438-0198dab02883,Product_21,Description_21,68.09
2dca1d45-bed3-482d-8bf3-3f0234179f0a,Product_22,Description_22,66.76
298b2d99-421b-4d21-bce2-4c5c4ed12d30,Product_23,Description_23,98.94
328b9cab-75fc-40e4-9211-8dcc49c5c332,Product_24,Description_24,54.54
0e0de903-3ddb-4f86-b9a3-bc29716b8d04,Product_25,Description_25,54.57
55aaf93f-1953-45ea-8152-0d40aa1a0dd5,Product_26,Description_26,73.16
79bb2b94-45b2-41f9-bd2f-71e9df9def6e,Product_27,Description_27,43.13
15474310-dc12-4107-a1bb-a239cb2d6ef0,Product_28,Description_28,13.35
b9bd4ac1-2be3-4b45-82f3-8fa3c0ffcb45,Product_29,Description_29,62.85
912f7d84-8e2a-45bd-809a-4170ce36e78f,Product_30,Description_30,45.26
aad03437-163f-43c0-8bb5-855487664cde,Product_31,Description_31,52.08
63c41cf5-d3e5-4bb5-ad6f-29147d205eea,Product_32,Description_32,20.9
5437586b-9961-4e6a-a373-0c8844f72761,Product_33,Description_33,55.28
dbfa6804-45e7-48b9-9ca7-36aa7d51f721,Product_34,Description_34,21.01
5f60d50b-e71c-4065-a8c8-9bc2a1578dae,Product_35,Description_35,82.48
a20c3b83-7234-4dc1-b49c-917888af03fe,Product_36,Description_36,44.66
2512d83f-6a0f-41ca-9ce3-12f501330578,Product_37,Description_37,67.67
bbe0531c-3484-444d-bffb-36e81f69f0e1,Product_38,Description_38,29.49
60bace4c-688b-4c6a-9157-737ea0ac55f0,Product_39,Description_39,40.91
8e3ac2fd-23e1-418b-a2d2-4ae737c634c4,Product_40,Description_40,91.47
2d13be5f-991a-4ec0-9e4d-534843d7722f,Product_41,Description_41,51.68
645c7724-f251-4360-bb3b-b0458726fe1d,Product_42,Description_42,91.82
8e2d98b1-b5af-411e-bea4-d4c6dc635603,Product_43,Description_43,19.78
4634f6c1-fe55-4066-a29e-63e7cbb01233,Product_44,Description_44,60.96
fed2b5df-478a-4e89-aeb8-c1736a6bdb58,Product_45,Description_45,55.29
cb0744eb-0754-45de-a142-0f584667bc3b,Product_46,Description_46,37.8
2b12888a-4d0e-47ab-9836-56bf9b06bb96,Product_47,Description_47,66.41
dc9dbbf1-183f-47df-8319-abc0c2b413a5,Product_48,Description_48,82.27
3bfd4ca1-1c7a-4f14-b30e-6d396fe1f239,Product_49,Description_49,17.32
